<?xml version="1.0" encoding="UTF-8"?>
<con:soapui-project id="caccd1ba-7419-4958-9e07-ac3e6fb3240d" activeEnvironment="Default" name="Project 1" resourceRoot="${projectDir}" soapui-version="5.5.0" abortOnError="false" runType="SEQUENTIAL" xmlns:con="http://eviware.com/soapui/config"><con:settings/><con:interface xsi:type="con:RestService" id="8cc18c63-f6c3-4a1a-915f-bd317c5025d2" wadlVersion="http://wadl.dev.java.net/2009/02" name="https://localhost:18443" type="rest" xmlns:xsi="http://www.w3.org/2001/XMLSchema-instance"><con:settings/><con:definitionCache/><con:endpoints><con:endpoint>https://localhost:18443</con:endpoint></con:endpoints><con:resource name="Clients" path="/client-war/services/client/" id="2738a609-67f4-4a87-9716-529ff4f2582d"><con:settings/><con:parameters><con:parameter><con:name>name</con:name><con:value/><con:style>QUERY</con:style><con:default/><con:description xsi:nil="true"/></con:parameter></con:parameters><con:method name="Listar" id="02c9995f-019b-4b4b-9120-19576af64577" method="GET"><con:settings/><con:parameters/><con:representation type="REQUEST"><con:mediaType>application/json</con:mediaType><con:params/></con:representation><con:representation type="RESPONSE"><con:mediaType xsi:nil="true"/><con:status>204</con:status><con:params/><con:element>data</con:element></con:representation><con:representation type="RESPONSE"><con:mediaType xsi:nil="true"/><con:status>204</con:status><con:params/><con:element>data</con:element></con:representation><con:representation type="RESPONSE"><con:mediaType>application/json</con:mediaType><con:status>200</con:status><con:params/><con:element xmlns:ns="https://localhost/client-war/services/client/123">ns:Response</con:element></con:representation><con:representation type="RESPONSE"><con:mediaType>text/html</con:mediaType><con:status>200</con:status><con:params/><con:element>html</con:element></con:representation><con:request name="listar clientes" id="b8c36477-e2fc-45fc-a116-4ce450965159" mediaType="application/json" postQueryString="false"><con:settings><con:setting id="com.eviware.soapui.impl.wsdl.WsdlRequest@request-headers">&lt;xml-fragment/></con:setting></con:settings><con:endpoint>https://localhost:18443</con:endpoint><con:request/><con:originalUri>https://localhost/client-war/services/client/</con:originalUri><con:credentials><con:authType>No Authorization</con:authType></con:credentials><con:jmsConfig JMSDeliveryMode="PERSISTENT"/><con:jmsPropertyConfig/><con:parameters>
  <con:entry key="name" value="artur"/>
  <con:entry key="nome" value="artur"/>
  <con:entry key="nif" value="1231"/>
</con:parameters><con:parameterOrder><con:entry>nif</con:entry></con:parameterOrder></con:request><con:request name="listar Todos clientes" id="b8c36477-e2fc-45fc-a116-4ce450965159" mediaType="application/json" postQueryString="false"><con:settings><con:setting id="com.eviware.soapui.impl.wsdl.WsdlRequest@request-headers">&lt;xml-fragment/></con:setting></con:settings><con:endpoint>https://localhost:18443</con:endpoint><con:request/><con:originalUri>https://localhost/client-war/services/client/</con:originalUri><con:credentials><con:authType>No Authorization</con:authType></con:credentials><con:jmsConfig JMSDeliveryMode="PERSISTENT"/><con:jmsPropertyConfig/><con:parameters>
  <con:entry key="nome" value="artur"/>
  <con:entry key="nif" value="1231"/>
</con:parameters><con:parameterOrder><con:entry>nif</con:entry></con:parameterOrder></con:request></con:method></con:resource><con:resource name="Client" path="/client-war/services/client/{nif}" id="2738a609-67f4-4a87-9716-529ff4f2582d"><con:settings/><con:parameters><con:parameter><con:name>nif</con:name><con:value/><con:style>TEMPLATE</con:style><con:default/><con:description xsi:nil="true"/></con:parameter></con:parameters><con:method name="Apagar" id="7977e9cf-4f4c-4d64-826a-e19289e5cc05" method="DELETE"><con:settings/><con:parameters/><con:representation type="REQUEST"><con:mediaType>application/json</con:mediaType><con:params/></con:representation><con:representation type="RESPONSE"><con:mediaType xsi:nil="true"/><con:status>204</con:status><con:params/><con:element>data</con:element></con:representation><con:representation type="RESPONSE"><con:mediaType xsi:nil="true"/><con:status>204</con:status><con:params/><con:element>data</con:element></con:representation><con:representation type="RESPONSE"><con:mediaType xsi:nil="true"/><con:status>204</con:status><con:params/><con:element>data</con:element></con:representation><con:request name="apagar um cliente da base de dados" id="deed6298-4661-466a-ad88-0698421f8828" mediaType="application/json" postQueryString="false"><con:settings><con:setting id="com.eviware.soapui.impl.wsdl.WsdlRequest@request-headers">&lt;xml-fragment/></con:setting></con:settings><con:endpoint>https://localhost:18443</con:endpoint><con:request/><con:originalUri>https://localhost/client-war/services/client/2132123</con:originalUri><con:credentials><con:authType>No Authorization</con:authType></con:credentials><con:jmsConfig JMSDeliveryMode="PERSISTENT"/><con:jmsPropertyConfig/><con:parameters><entry key="nif" value="2132123" xmlns="http://eviware.com/soapui/config"/></con:parameters><con:parameterOrder><con:entry>nif</con:entry></con:parameterOrder></con:request></con:method><con:method name="Cliente" id="7977e9cf-4f4c-4d64-826a-e19289e5cc05" method="GET"><con:settings/><con:parameters/><con:representation type="REQUEST"><con:mediaType>application/json</con:mediaType><con:params/></con:representation><con:representation type="RESPONSE"><con:mediaType xsi:nil="true"/><con:status>204</con:status><con:params/><con:element>data</con:element></con:representation><con:representation type="RESPONSE"><con:mediaType xsi:nil="true"/><con:status>204</con:status><con:params/><con:element>data</con:element></con:representation><con:representation type="RESPONSE"><con:mediaType xsi:nil="true"/><con:status>204</con:status><con:params/><con:element>data</con:element></con:representation><con:representation type="RESPONSE"><con:mediaType xsi:nil="true"/><con:status>204</con:status><con:params/><con:element>data</con:element></con:representation><con:representation type="RESPONSE"><con:mediaType xsi:nil="true"/><con:status>204</con:status><con:params/><con:element>data</con:element></con:representation><con:representation type="RESPONSE"><con:mediaType xsi:nil="true"/><con:status>204</con:status><con:params/><con:element>data</con:element></con:representation><con:representation type="RESPONSE"><con:mediaType>application/json</con:mediaType><con:status>200</con:status><con:params/><con:element xmlns:ns="https://localhost/client-war/services/client/2132123">ns:Response</con:element></con:representation><con:request name="obter a informação de um cliente a partir do NIF" id="deed6298-4661-466a-ad88-0698421f8828" mediaType="application/json" postQueryString="false"><con:settings><con:setting id="com.eviware.soapui.impl.wsdl.WsdlRequest@request-headers">&lt;xml-fragment/></con:setting></con:settings><con:endpoint>https://localhost:18443</con:endpoint><con:request/><con:originalUri>https://localhost/client-war/services/client/2132123</con:originalUri><con:credentials><con:authType>No Authorization</con:authType></con:credentials><con:jmsConfig JMSDeliveryMode="PERSISTENT"/><con:jmsPropertyConfig/><con:parameters><entry key="nif" value="2132123" xmlns="http://eviware.com/soapui/config"/></con:parameters><con:parameterOrder><con:entry>nif</con:entry></con:parameterOrder></con:request></con:method><con:method name="Adicionar" id="02c9995f-019b-4b4b-9120-19576af64577" method="PUT"><con:settings/><con:parameters/><con:representation type="REQUEST"><con:mediaType>application/json</con:mediaType><con:params/></con:representation><con:representation type="RESPONSE"><con:mediaType xsi:nil="true"/><con:status>204</con:status><con:params/><con:element>data</con:element></con:representation><con:representation type="RESPONSE"><con:mediaType xsi:nil="true"/><con:status>204</con:status><con:params/><con:element>data</con:element></con:representation><con:representation type="RESPONSE"><con:mediaType>application/json</con:mediaType><con:status>200</con:status><con:params/><con:element xmlns:ns="https://localhost/client-war/services/client/123">ns:Response</con:element></con:representation><con:representation type="RESPONSE"><con:mediaType>text/html</con:mediaType><con:status>200</con:status><con:params/><con:element>html</con:element></con:representation><con:request name="adicionar um novo cliente à base de dados" id="572388f0-6cfc-4504-bcd8-1113c7d47322" mediaType="application/json" postQueryString="false"><con:settings><con:setting id="com.eviware.soapui.impl.wsdl.WsdlRequest@request-headers">&lt;xml-fragment/></con:setting></con:settings><con:endpoint>https://localhost:18443</con:endpoint><con:request/><con:credentials><con:authType>No Authorization</con:authType></con:credentials><con:jmsConfig JMSDeliveryMode="PERSISTENT"/><con:jmsPropertyConfig/><con:parameters><entry key="nome" value="" xmlns="http://eviware.com/soapui/config"/></con:parameters><con:parameterOrder><con:entry>nif</con:entry></con:parameterOrder></con:request></con:method></con:resource></con:interface><con:properties/><con:wssContainer/><con:oAuth2ProfileContainer/><con:oAuth1ProfileContainer/></con:soapui-project>